{
  "id": 245,
  "min": [
    0,
    0,
    0
  ],
  "max": [
    1,
    1,
    1
  ],
  "objects": {
    "CV_GKW": [],
    "ET": [
      {
        "name": "lasdoos AK2:56",
        "min": [
          0.1652400642633438,
          0.7983745336532593,
          0.8279069662094116
        ],
        "max": [
          0.18751472234725952,
          0.8428837656974792,
          0.8418604731559753
        ]
      },
      {
        "name": "wcd opbouw enkelvoudig:0012",
        "min": [
          0.1631530076265335,
          0.8403217196464539,
          0.8575968742370605
        ],
        "max": [
          0.17363235354423523,
          0.8612610697746277,
          0.8819379806518555
        ]
      }
    ],
    "lucht": [],
    "Riolering": [],
    "Sanitair": []
  },
  "adjacent": [
    [
      142,
      143
    ],
    [
      44
    ],
    [
      147,
      148
    ],
    [
      45
    ],
    [
      51
    ],
    [
      36
    ]
  ]
}