{
  "id": 13,
  "min": [
    0,
    0,
    0
  ],
  "max": [
    1,
    1,
    1
  ],
  "objects": {
    "CV_GKW": [],
    "ET": [
      {
        "name": "CHP60-BW:0538",
        "min": [
          0.4110407531261444,
          0.8089535236358643,
          0.9023255705833435
        ],
        "max": [
          0.43053868412971497,
          0.8573504090309143,
          0.9265116453170776
        ]
      }
    ],
    "lucht": [],
    "Riolering": [],
    "Sanitair": []
  },
  "adjacent": [
    [
      14
    ],
    [],
    [
      12
    ],
    [
      7
    ],
    [
      122
    ],
    []
  ]
}