{
    "id": 15,
    "min": [
        10627.936102,
        23308.615754,
        -310.0
    ],
    "max": [
        18833.936102,
        26614.615754,
        2915.0
    ],
    "objects": {
        "CV_GKW": [],
        "ET": [],
        "lucht": [],
        "Riolering": [],
        "Sanitair": []
    },
    "adjacent": [
        [
            16
        ],
        [],
        [
            14
        ],
        [
            8
        ],
        [
            127
        ],
        []
    ]
}