{
    "id": 50,
    "min": [
        7327.93617,
        10108.615923,
        9365.0
    ],
    "max": [
        10633.93617,
        13414.615923,
        12590.0
    ],
    "objects": {
        "CV_GKW": [],
        "ET": [
            {
                "name": "T3:52",
                "min": [
                    9721.477942,
                    13140.594341,
                    11912.35781
                ],
                "max": [
                    9946.178645,
                    13148.594342,
                    12031.356694
                ]
            },
            {
                "name": "T3:53",
                "min": [
                    9693.178645,
                    13140.594341,
                    11907.002092
                ],
                "max": [
                    9963.178645,
                    13148.594341,
                    12042.002092
                ]
            },
            {
                "name": "T3:54",
                "min": [
                    9678.178645,
                    13140.594341,
                    11897.002092
                ],
                "max": [
                    9978.178645,
                    13148.594341,
                    12066.113249
                ]
            },
            {
                "name": "T3:55",
                "min": [
                    9603.178645,
                    13029.594341,
                    12066.113249
                ],
                "max": [
                    10053.178645,
                    13259.594341,
                    12075.0
                ]
            }
        ],
        "lucht": [],
        "Riolering": [],
        "Sanitair": []
    },
    "adjacent": [
        [
            48
        ],
        [
            162
        ],
        [
            249
        ],
        [
            154
        ],
        [
            56
        ],
        [
            43
        ]
    ]
}