{
    "id": 65,
    "min": [
        10627.936108,
        2908.61618,
        6140.0
    ],
    "max": [
        14233.941952,
        10114.619018,
        9365.0
    ],
    "objects": {
        "CV_GKW": [],
        "ET": [],
        "lucht": [],
        "Riolering": [],
        "Sanitair": []
    },
    "adjacent": [
        [
            204
        ],
        [
            66
        ],
        [
            38
        ],
        [
            248
        ],
        [
            63
        ],
        [
            67
        ]
    ]
}