{
    "id": 12,
    "min": [
        10627.936147,
        13408.615754,
        -310.0
    ],
    "max": [
        18833.936147,
        16714.615754,
        2915.0
    ],
    "objects": {
        "CV_GKW": [],
        "ET": [],
        "lucht": [],
        "Riolering": [],
        "Sanitair": []
    },
    "adjacent": [
        [
            13
        ],
        [],
        [
            243
        ],
        [
            7
        ],
        [
            123
        ],
        []
    ]
}