{
  "id": 3,
  "min": [
    0,
    0,
    0
  ],
  "max": [
    1,
    1,
    1
  ],
  "objects": {
    "CV_GKW": [],
    "ET": [
      {
        "name": "wcd enkelvoudig:0380",
        "min": [
          0.44242361187934875,
          0.95329749584198,
          0.23865117132663727
        ],
        "max": [
          0.4546399712562561,
          0.9581372141838074,
          0.26367440819740295
        ]
      }
    ],
    "lucht": [],
    "Riolering": [],
    "Sanitair": []
  },
  "adjacent": [
    [
      78,
      169
    ],
    [
      2
    ],
    [
      81,
      86
    ],
    [
      5
    ],
    [
      26
    ],
    []
  ]
}