{
  "id": 18,
  "min": [
    0,
    0,
    0
  ],
  "max": [
    1,
    1,
    1
  ],
  "objects": {
    "CV_GKW": [],
    "ET": [
      {
        "name": "CHP60-BW:0539",
        "min": [
          0.553954005241394,
          0.47580158710479736,
          0.9023255705833435
        ],
        "max": [
          0.5734519362449646,
          0.5241984128952026,
          0.9265116453170776
        ]
      }
    ],
    "lucht": [],
    "Riolering": [],
    "Sanitair": []
  },
  "adjacent": [
    [
      244
    ],
    [
      9
    ],
    [
      19
    ],
    [],
    [
      131
    ],
    []
  ]
}