{
    "id": 11,
    "min": [
        7327.936125,
        2908.63786,
        -310.0
    ],
    "max": [
        10633.936125,
        10114.63786,
        2915.0
    ],
    "objects": {
        "CV_GKW": [],
        "ET": [
            {
                "name": "wcd enkelvoudig:0379",
                "min": [
                    10492.036219,
                    5186.619696,
                    459.65
                ],
                "max": [
                    10508.036219,
                    5267.319696,
                    540.35
                ]
            }
        ],
        "lucht": [],
        "Riolering": [],
        "Sanitair": []
    },
    "adjacent": [
        [
            10
        ],
        [
            172
        ],
        [
            6
        ],
        [
            94,
            95
        ],
        [
            247
        ],
        []
    ]
}