{
    "id": 34,
    "min": [
        44227.936241,
        -391.38402,
        6140.0
    ],
    "max": [
        51833.936241,
        2914.61598,
        9365.0
    ],
    "objects": {
        "CV_GKW": [],
        "ET": [
            {
                "name": "T3RB:32",
                "min": [
                    49988.436154,
                    1792.260021,
                    8687.35781
                ],
                "max": [
                    49996.436155,
                    2009.61536,
                    8806.356694
                ]
            },
            {
                "name": "T3RB:33",
                "min": [
                    49988.436155,
                    1756.61536,
                    8682.002092
                ],
                "max": [
                    49996.436155,
                    2026.61536,
                    8817.002092
                ]
            },
            {
                "name": "T3RB:34",
                "min": [
                    49988.436155,
                    1741.61536,
                    8672.002092
                ],
                "max": [
                    49996.436155,
                    2041.61536,
                    8841.113249
                ]
            },
            {
                "name": "T3RB:35",
                "min": [
                    49907.436155,
                    1686.61536,
                    8841.113249
                ],
                "max": [
                    50077.436155,
                    2096.61536,
                    8850.0
                ]
            }
        ],
        "lucht": [],
        "Riolering": [],
        "Sanitair": []
    },
    "adjacent": [
        [
            194,
            195
        ],
        [],
        [
            192,
            193
        ],
        [
            35
        ],
        [],
        [
            23
        ]
    ]
}