{
    "id": 61,
    "min": [
        10627.936108,
        2908.61618,
        12590.0
    ],
    "max": [
        14233.941952,
        10114.619018,
        15815.0
    ],
    "objects": {
        "CV_GKW": [],
        "ET": [],
        "lucht": [],
        "Riolering": [],
        "Sanitair": []
    },
    "adjacent": [
        [
            242
        ],
        [
            62
        ],
        [
            53
        ],
        [
            57
        ],
        [
            246
        ],
        [
            63
        ]
    ]
}