{
    "id": 15,
    "min": [
        3610.0,
        9610.0,
        3146.0
    ],
    "max": [
        10732.0,
        12661.0,
        6121.0
    ],
    "objects": {
        "CV_GKW": [],
        "ET": [
            {
                "name": "brandmelder:0009",
                "min": [
                    6863.468942,
                    11447.039675,
                    5747.5
                ],
                "max": [
                    7060.668942,
                    11644.239675,
                    5804.0
                ]
            }
        ],
        "lucht": [],
        "Riolering": [],
        "Sanitair": []
    },
    "adjacent": [
        [
            16
        ],
        [],
        [
            17
        ],
        [
            12
        ],
        [
            10
        ],
        [
            4
        ]
    ]
}