{
    "id": 37,
    "min": [
        24427.936241,
        -391.384156,
        6140.0
    ],
    "max": [
        31033.936241,
        2914.615844,
        9365.0
    ],
    "objects": {
        "CV_GKW": [],
        "ET": [
            {
                "name": "wcd enkelvoudig:0389",
                "min": [
                    27350.586147,
                    2760.21757,
                    6909.65
                ],
                "max": [
                    27431.286147,
                    2776.21757,
                    6990.35
                ]
            }
        ],
        "lucht": [],
        "Riolering": [],
        "Sanitair": []
    },
    "adjacent": [
        [
            179,
            201
        ],
        [
            36
        ],
        [
            182,
            187
        ],
        [
            58
        ],
        [
            45
        ],
        [
            26
        ]
    ]
}