{
    "id": 13,
    "min": [
        10627.936147,
        16708.615754,
        -310.0
    ],
    "max": [
        18833.936147,
        20014.615754,
        2915.0
    ],
    "objects": {
        "CV_GKW": [],
        "ET": [
            {
                "name": "CHP60-BW:0538",
                "min": [
                    14000.936147,
                    19383.015923,
                    2600.0
                ],
                "max": [
                    14160.936147,
                    19543.015923,
                    2678.0
                ]
            }
        ],
        "lucht": [],
        "Riolering": [],
        "Sanitair": []
    },
    "adjacent": [
        [
            14
        ],
        [],
        [
            12
        ],
        [
            7
        ],
        [
            122
        ],
        []
    ]
}