{
  "id": 23,
  "min": [
    0,
    0,
    0
  ],
  "max": [
    1,
    1,
    1
  ],
  "objects": {
    "CV_GKW": [],
    "ET": [
      {
        "name": "T3RB:4",
        "min": [
          0.7479811310768127,
          0.7235267162322998,
          0.7898784279823303
        ],
        "max": [
          0.7490329146385193,
          0.7892723679542542,
          0.8267773389816284
        ]
      },
      {
        "name": "T3RB:5",
        "min": [
          0.7479811310768127,
          0.7127448320388794,
          0.7882176637649536
        ],
        "max": [
          0.7490329146385193,
          0.7944145202636719,
          0.830078125
        ]
      },
      {
        "name": "T3RB:6",
        "min": [
          0.7479811310768127,
          0.7082076668739319,
          0.7851169109344482
        ],
        "max": [
          0.7490329146385193,
          0.7989517450332642,
          0.8375545144081116
        ]
      },
      {
        "name": "T3RB:7",
        "min": [
          0.7373316287994385,
          0.6915712356567383,
          0.8375545144081116
        ],
        "max": [
          0.7596824169158936,
          0.8155881762504578,
          0.8403100967407227
        ]
      }
    ],
    "lucht": [],
    "Riolering": [],
    "Sanitair": []
  },
  "adjacent": [
    [
      114,
      115
    ],
    [],
    [
      112,
      113
    ],
    [
      24
    ],
    [
      34
    ],
    [
      0
    ]
  ]
}