{
    "id": 16,
    "min": [
        10627.936079,
        26608.615754,
        -310.0
    ],
    "max": [
        18833.936079,
        29914.615754,
        2915.0
    ],
    "objects": {
        "CV_GKW": [],
        "ET": [
            {
                "name": "CHP60-BW:0537",
                "min": [
                    14000.936147,
                    29461.615923,
                    2600.0
                ],
                "max": [
                    14160.936147,
                    29621.615923,
                    2678.0
                ]
            }
        ],
        "lucht": [],
        "Riolering": [],
        "Sanitair": []
    },
    "adjacent": [
        [
            17
        ],
        [],
        [
            15
        ],
        [
            9
        ],
        [
            130
        ],
        []
    ]
}