{
  "id": 15,
  "min": [
    0,
    0,
    0
  ],
  "max": [
    1,
    1,
    1
  ],
  "objects": {
    "CV_GKW": [],
    "ET": [
      {
        "name": "brandmelder:0009",
        "min": [
          0.4568195343017578,
          0.6021108031272888,
          0.8744537830352783
        ],
        "max": [
          0.4845084249973297,
          0.6667450666427612,
          0.8934453725814819
        ]
      }
    ],
    "lucht": [],
    "Riolering": [],
    "Sanitair": []
  },
  "adjacent": [
    [
      16
    ],
    [],
    [
      17
    ],
    [
      12
    ],
    [
      10
    ],
    [
      4
    ]
  ]
}