{
  "id": 40,
  "min": [
    0,
    0,
    0
  ],
  "max": [
    1,
    1,
    1
  ],
  "objects": {
    "CV_GKW": [],
    "ET": [
      {
        "name": "T3:48",
        "min": [
          0.7452507615089417,
          0.9700266718864441,
          0.789878249168396
        ],
        "max": [
          0.8132184147834778,
          0.9712376594543457,
          0.8267772197723389
        ]
      },
      {
        "name": "T3:49",
        "min": [
          0.736690878868103,
          0.9700266718864441,
          0.7882176637649536
        ],
        "max": [
          0.8183605670928955,
          0.9712376594543457,
          0.830078125
        ]
      },
      {
        "name": "T3:50",
        "min": [
          0.7321537137031555,
          0.9700266718864441,
          0.7851169109344482
        ],
        "max": [
          0.8228977918624878,
          0.9712376594543457,
          0.8375545144081116
        ]
      },
      {
        "name": "T3:51",
        "min": [
          0.7094676494598389,
          0.9532237648963928,
          0.8375545144081116
        ],
        "max": [
          0.8455837965011597,
          0.988040566444397,
          0.8403100967407227
        ]
      }
    ],
    "lucht": [],
    "Riolering": [],
    "Sanitair": []
  },
  "adjacent": [
    [
      41
    ],
    [
      202,
      203
    ],
    [
      43
    ],
    [
      213,
      214
    ],
    [
      48
    ],
    [
      30
    ]
  ]
}