{
  "id": 47,
  "min": [
    0,
    0,
    0
  ],
  "max": [
    1,
    1,
    1
  ],
  "objects": {
    "CV_GKW": [],
    "ET": [
      {
        "name": "E_Bend_Horizontal_CA_Generic_MEPcontent:18",
        "min": [
          0.7165762782096863,
          0.757564902305603,
          0.8449612259864807
        ],
        "max": [
          0.7483609318733215,
          0.7893494963645935,
          0.8635658621788025
        ]
      },
      {
        "name": "E_Bend_Horizontal_CA_Generic_MEPcontent:19",
        "min": [
          0.7483609318733215,
          0.757564902305603,
          0.8449612259864807
        ],
        "max": [
          0.7486633658409119,
          0.7878129482269287,
          0.8635658621788025
        ]
      },
      {
        "name": "E_Bend_Horizontal_CA_Generic_MEPcontent:20",
        "min": [
          0.7165762782096863,
          0.7893494963645935,
          0.8449612259864807
        ],
        "max": [
          0.7468242645263672,
          0.7896519303321838,
          0.8635658621788025
        ]
      }
    ],
    "lucht": [],
    "Riolering": [],
    "Sanitair": []
  },
  "adjacent": [
    [
      249
    ],
    [
      46
    ],
    [
      138
    ],
    [
      136
    ],
    [
      54
    ],
    [
      39
    ]
  ]
}