{
    "id": 28,
    "min": [
        17827.936147,
        -391.384223,
        2915.0
    ],
    "max": [
        24433.936147,
        2914.615777,
        6140.0
    ],
    "objects": {
        "CV_GKW": [],
        "ET": [
            {
                "name": "lasdoos AK2:47",
                "min": [
                    18789.026277,
                    2244.028504,
                    5675.0
                ],
                "max": [
                    18936.173838,
                    2391.176065,
                    5720.0
                ]
            },
            {
                "name": "wcd opbouw enkelvoudig:0004",
                "min": [
                    18775.240147,
                    2382.705863,
                    5680.75
                ],
                "max": [
                    18844.465901,
                    2451.931617,
                    5759.25
                ]
            }
        ],
        "lucht": [],
        "Riolering": [],
        "Sanitair": []
    },
    "adjacent": [
        [
            119,
            120
        ],
        [
            26
        ],
        [
            103,
            104
        ],
        [
            27
        ],
        [
            58
        ],
        [
            5
        ]
    ]
}