{
  "id": 54,
  "min": [
    0,
    0,
    0
  ],
  "max": [
    1,
    1,
    1
  ],
  "objects": {
    "CV_GKW": [],
    "ET": [
      {
        "name": "E_Bend_Horizontal_CA_Generic_MEPcontent:27",
        "min": [
          0.7165762782096863,
          0.757564902305603,
          0.8604651093482971
        ],
        "max": [
          0.7483609318733215,
          0.7893494963645935,
          0.8790697455406189
        ]
      },
      {
        "name": "E_Bend_Horizontal_CA_Generic_MEPcontent:28",
        "min": [
          0.7483609318733215,
          0.757564902305603,
          0.8604651093482971
        ],
        "max": [
          0.7486633658409119,
          0.7878129482269287,
          0.8790697455406189
        ]
      },
      {
        "name": "E_Bend_Horizontal_CA_Generic_MEPcontent:29",
        "min": [
          0.7165762782096863,
          0.7893494963645935,
          0.8604651093482971
        ],
        "max": [
          0.7468242645263672,
          0.7896519303321838,
          0.8790697455406189
        ]
      }
    ],
    "lucht": [],
    "Riolering": [],
    "Sanitair": []
  },
  "adjacent": [
    [
      57
    ],
    [
      53
    ],
    [
      217
    ],
    [
      216
    ],
    [],
    [
      47
    ]
  ]
}