{
  "id": 4,
  "min": [
    0,
    0,
    0
  ],
  "max": [
    1,
    1,
    1
  ],
  "objects": {
    "CV_GKW": [],
    "ET": [
      {
        "name": "brandmelder:0004",
        "min": [
          0.4568195343017578,
          0.6021108031272888,
          0.8750836253166199
        ],
        "max": [
          0.4845084249973297,
          0.6667450666427612,
          0.8939799070358276
        ]
      }
    ],
    "lucht": [],
    "Riolering": [],
    "Sanitair": []
  },
  "adjacent": [
    [
      5
    ],
    [],
    [
      1
    ],
    [
      0
    ],
    [
      15
    ],
    []
  ]
}