{
    "id": 10,
    "min": [
        3610.0,
        9610.0,
        6344.0
    ],
    "max": [
        10732.0,
        12661.0,
        9327.0
    ],
    "objects": {
        "CV_GKW": [],
        "ET": [
            {
                "name": "brandmelder:0014",
                "min": [
                    6863.468942,
                    11447.039675,
                    8953.5
                ],
                "max": [
                    7060.668942,
                    11644.239675,
                    9010.0
                ]
            }
        ],
        "lucht": [],
        "Riolering": [],
        "Sanitair": []
    },
    "adjacent": [
        [
            11
        ],
        [],
        [
            7
        ],
        [
            6
        ],
        [],
        [
            15
        ]
    ]
}