{
    "id": 58,
    "min": [
        17827.936147,
        -391.384223,
        6140.0
    ],
    "max": [
        24433.936147,
        2914.615777,
        9365.0
    ],
    "objects": {
        "CV_GKW": [],
        "ET": [],
        "lucht": [],
        "Riolering": [],
        "Sanitair": []
    },
    "adjacent": [
        [
            199,
            200
        ],
        [
            37
        ],
        [
            183,
            184
        ],
        [
            38
        ],
        [
            59
        ],
        [
            28
        ]
    ]
}