{
    "id": 63,
    "min": [
        10627.936108,
        2908.61618,
        9365.0
    ],
    "max": [
        14233.941952,
        10114.619018,
        12590.0
    ],
    "objects": {
        "CV_GKW": [],
        "ET": [],
        "lucht": [],
        "Riolering": [],
        "Sanitair": []
    },
    "adjacent": [
        [
            162
        ],
        [
            64
        ],
        [
            46
        ],
        [
            249
        ],
        [
            61
        ],
        [
            65
        ]
    ]
}