{
    "id": 54,
    "min": [
        7327.936241,
        -391.384295,
        12590.0
    ],
    "max": [
        10633.936241,
        2914.615705,
        15815.0
    ],
    "objects": {
        "CV_GKW": [],
        "ET": [
            {
                "name": "E_Bend_Horizontal_CA_Generic_MEPcontent:27",
                "min": [
                    9696.9374,
                    2113.125136,
                    15365.0
                ],
                "max": [
                    9802.0174,
                    2218.205136,
                    15425.0
                ]
            },
            {
                "name": "E_Bend_Horizontal_CA_Generic_MEPcontent:28",
                "min": [
                    9802.0174,
                    2113.125136,
                    15365.0
                ],
                "max": [
                    9803.0174,
                    2213.125136,
                    15425.0
                ]
            },
            {
                "name": "E_Bend_Horizontal_CA_Generic_MEPcontent:29",
                "min": [
                    9696.9374,
                    2218.205136,
                    15365.0
                ],
                "max": [
                    9796.9374,
                    2219.205136,
                    15425.0
                ]
            }
        ],
        "lucht": [],
        "Riolering": [],
        "Sanitair": []
    },
    "adjacent": [
        [
            57
        ],
        [
            53
        ],
        [
            217
        ],
        [
            216
        ],
        [],
        [
            47
        ]
    ]
}