{
    "id": 40,
    "min": [
        7327.936125,
        13408.615923,
        6140.0
    ],
    "max": [
        10633.936125,
        20014.615923,
        9365.0
    ],
    "objects": {
        "CV_GKW": [],
        "ET": [
            {
                "name": "T3:48",
                "min": [
                    9791.735422,
                    19816.611175,
                    8687.35781
                ],
                "max": [
                    10016.436125,
                    19824.611176,
                    8806.356694
                ]
            },
            {
                "name": "T3:49",
                "min": [
                    9763.436125,
                    19816.611175,
                    8682.002092
                ],
                "max": [
                    10033.436125,
                    19824.611175,
                    8817.002092
                ]
            },
            {
                "name": "T3:50",
                "min": [
                    9748.436125,
                    19816.611175,
                    8672.002092
                ],
                "max": [
                    10048.436125,
                    19824.611175,
                    8841.113249
                ]
            },
            {
                "name": "T3:51",
                "min": [
                    9673.436125,
                    19705.611175,
                    8841.113249
                ],
                "max": [
                    10123.436125,
                    19935.611175,
                    8850.0
                ]
            }
        ],
        "lucht": [],
        "Riolering": [],
        "Sanitair": []
    },
    "adjacent": [
        [
            41
        ],
        [
            202,
            203
        ],
        [
            43
        ],
        [
            213,
            214
        ],
        [
            48
        ],
        [
            30
        ]
    ]
}