{
    "id": 59,
    "min": [
        17827.936147,
        -391.384223,
        9365.0
    ],
    "max": [
        24433.936147,
        2914.615777,
        12590.0
    ],
    "objects": {
        "CV_GKW": [],
        "ET": [],
        "lucht": [],
        "Riolering": [],
        "Sanitair": []
    },
    "adjacent": [
        [
            157,
            158
        ],
        [
            45
        ],
        [
            145,
            146
        ],
        [
            46
        ],
        [
            60
        ],
        [
            58
        ]
    ]
}