{
    "id": 27,
    "min": [
        10627.936241,
        -391.384246,
        2915.0
    ],
    "max": [
        17833.936241,
        2914.615754,
        6140.0
    ],
    "objects": {
        "CV_GKW": [],
        "ET": [
            {
                "name": "T3:56",
                "min": [
                    17660.512422,
                    233.615363,
                    5462.35781
                ],
                "max": [
                    17668.512423,
                    458.316065,
                    5581.356694
                ]
            },
            {
                "name": "T3:57",
                "min": [
                    17660.512422,
                    216.615363,
                    5457.002092
                ],
                "max": [
                    17668.512422,
                    486.615363,
                    5592.002092
                ]
            },
            {
                "name": "T3:58",
                "min": [
                    17660.512422,
                    201.615363,
                    5447.002092
                ],
                "max": [
                    17668.512422,
                    501.615363,
                    5616.113249
                ]
            },
            {
                "name": "T3:59",
                "min": [
                    17549.512422,
                    126.615363,
                    5616.113249
                ],
                "max": [
                    17779.512422,
                    576.615363,
                    5625.0
                ]
            }
        ],
        "lucht": [],
        "Riolering": [],
        "Sanitair": []
    },
    "adjacent": [
        [
            67,
            68
        ],
        [
            28
        ],
        [
            97,
            98
        ],
        [
            29
        ],
        [
            38
        ],
        [
            4
        ]
    ]
}