{
    "id": 60,
    "min": [
        17827.936147,
        -391.384223,
        12590.0
    ],
    "max": [
        24433.936147,
        2914.615777,
        15815.0
    ],
    "objects": {
        "CV_GKW": [],
        "ET": [],
        "lucht": [],
        "Riolering": [],
        "Sanitair": []
    },
    "adjacent": [
        [
            226,
            227
        ],
        [
            52
        ],
        [
            221,
            222
        ],
        [
            53
        ],
        [],
        [
            59
        ]
    ]
}