{
  "id": 28,
  "min": [
    0,
    0,
    0
  ],
  "max": [
    1,
    1,
    1
  ],
  "objects": {
    "CV_GKW": [],
    "ET": [
      {
        "name": "lasdoos AK2:47",
        "min": [
          0.14548741281032562,
          0.7971605658531189,
          0.8558139801025391
        ],
        "max": [
          0.1677623838186264,
          0.8416697978973389,
          0.869767427444458
        ]
      },
      {
        "name": "wcd opbouw enkelvoudig:0004",
        "min": [
          0.1434006541967392,
          0.8391076922416687,
          0.8575968742370605
        ],
        "max": [
          0.15388000011444092,
          0.8600471615791321,
          0.8819379806518555
        ]
      }
    ],
    "lucht": [],
    "Riolering": [],
    "Sanitair": []
  },
  "adjacent": [
    [
      119,
      120
    ],
    [
      26
    ],
    [
      103,
      104
    ],
    [
      27
    ],
    [
      58
    ],
    [
      5
    ]
  ]
}