{
  "id": 48,
  "min": [
    0,
    0,
    0
  ],
  "max": [
    1,
    1,
    1
  ],
  "objects": {
    "CV_GKW": [],
    "ET": [
      {
        "name": "lasdoos AK2:55",
        "min": [
          0.7569098472595215,
          0.1154787540435791,
          0.8558139801025391
        ],
        "max": [
          0.8014193177223206,
          0.13775357604026794,
          0.869767427444458
        ]
      },
      {
        "name": "wcd opbouw enkelvoudig:0011",
        "min": [
          0.7851208448410034,
          0.13672246038913727,
          0.8575968742370605
        ],
        "max": [
          0.8060604929924011,
          0.14720182120800018,
          0.8819379806518555
        ]
      }
    ],
    "lucht": [],
    "Riolering": [],
    "Sanitair": []
  },
  "adjacent": [
    [
      49
    ],
    [
      160,
      161
    ],
    [
      50
    ],
    [
      167,
      168
    ],
    [
      55
    ],
    [
      40
    ]
  ]
}