{
  "id": 34,
  "min": [
    0,
    0,
    0
  ],
  "max": [
    1,
    1,
    1
  ],
  "objects": {
    "CV_GKW": [],
    "ET": [
      {
        "name": "T3RB:32",
        "min": [
          0.7573626041412354,
          0.6605094075202942,
          0.789878249168396
        ],
        "max": [
          0.7584143877029419,
          0.7262551188468933,
          0.8267772197723389
        ]
      },
      {
        "name": "T3RB:33",
        "min": [
          0.7573626041412354,
          0.6497276425361633,
          0.7882176637649536
        ],
        "max": [
          0.7584143877029419,
          0.7313973307609558,
          0.830078125
        ]
      },
      {
        "name": "T3RB:34",
        "min": [
          0.7573626041412354,
          0.645190417766571,
          0.7851169109344482
        ],
        "max": [
          0.7584143877029419,
          0.7359344959259033,
          0.8375545144081116
        ]
      },
      {
        "name": "T3RB:35",
        "min": [
          0.7467131018638611,
          0.6285539865493774,
          0.8375545144081116
        ],
        "max": [
          0.7690638899803162,
          0.7525709271430969,
          0.8403100967407227
        ]
      }
    ],
    "lucht": [],
    "Riolering": [],
    "Sanitair": []
  },
  "adjacent": [
    [
      194,
      195
    ],
    [],
    [
      192,
      193
    ],
    [
      35
    ],
    [],
    [
      23
    ]
  ]
}