{
    "id": 23,
    "min": [
        44227.936241,
        -391.38402,
        2915.0
    ],
    "max": [
        51833.936241,
        2914.61598,
        6140.0
    ],
    "objects": {
        "CV_GKW": [],
        "ET": [
            {
                "name": "T3RB:4",
                "min": [
                    49917.080391,
                    2000.595217,
                    5462.35781
                ],
                "max": [
                    49925.080392,
                    2217.950557,
                    5581.356694
                ]
            },
            {
                "name": "T3RB:5",
                "min": [
                    49917.080392,
                    1964.950557,
                    5457.002092
                ],
                "max": [
                    49925.080392,
                    2234.950557,
                    5592.002092
                ]
            },
            {
                "name": "T3RB:6",
                "min": [
                    49917.080392,
                    1949.950557,
                    5447.002092
                ],
                "max": [
                    49925.080392,
                    2249.950557,
                    5616.113249
                ]
            },
            {
                "name": "T3RB:7",
                "min": [
                    49836.080391,
                    1894.950557,
                    5616.113249
                ],
                "max": [
                    50006.080391,
                    2304.950557,
                    5625.0
                ]
            }
        ],
        "lucht": [],
        "Riolering": [],
        "Sanitair": []
    },
    "adjacent": [
        [
            114,
            115
        ],
        [],
        [
            112,
            113
        ],
        [
            24
        ],
        [
            34
        ],
        [
            0
        ]
    ]
}