{
    "id": 14,
    "min": [
        10627.936124,
        20008.615923,
        -310.0
    ],
    "max": [
        18833.936124,
        23314.615923,
        2915.0
    ],
    "objects": {
        "CV_GKW": [],
        "ET": [],
        "lucht": [],
        "Riolering": [],
        "Sanitair": []
    },
    "adjacent": [
        [
            15
        ],
        [],
        [
            13
        ],
        [
            8
        ],
        [
            128
        ],
        []
    ]
}