{
    "id": 171,
    "min": [
        17827.93617,
        2908.615855,
        -310.0
    ],
    "max": [
        21133.93617,
        11114.615855,
        2915.0
    ],
    "objects": {
        "CV_GKW": [],
        "ET": [
            {
                "name": "wcd inbouw tweevoudig waterdicht:0039",
                "min": [
                    20575.036147,
                    10231.515923,
                    459.65
                ],
                "max": [
                    20726.836147,
                    10247.515923,
                    540.35
                ]
            }
        ],
        "lucht": [],
        "Riolering": [],
        "Sanitair": []
    },
    "adjacent": [
        [],
        [
            170
        ],
        [
            5
        ],
        [
            173
        ],
        [
            119
        ],
        []
    ]
}