{
    "id": 43,
    "min": [
        7327.93617,
        10108.615923,
        6140.0
    ],
    "max": [
        10633.93617,
        13414.615923,
        9365.0
    ],
    "objects": {
        "CV_GKW": [],
        "ET": [],
        "lucht": [],
        "Riolering": [],
        "Sanitair": []
    },
    "adjacent": [
        [
            40
        ],
        [
            204
        ],
        [
            248
        ],
        [
            196
        ],
        [
            50
        ],
        [
            33
        ]
    ]
}