{
    "id": 25,
    "min": [
        31027.936241,
        -391.384111,
        2915.0
    ],
    "max": [
        37633.936241,
        2914.615889,
        6140.0
    ],
    "objects": {
        "CV_GKW": [],
        "ET": [],
        "lucht": [],
        "Riolering": [],
        "Sanitair": []
    },
    "adjacent": [
        [
            100,
            101
        ],
        [
            24
        ],
        [
            105,
            106
        ],
        [
            26
        ],
        [
            36
        ],
        [
            2
        ]
    ]
}