{
    "id": 53,
    "min": [
        10627.936241,
        -391.384246,
        12590.0
    ],
    "max": [
        17833.936241,
        2914.615754,
        15815.0
    ],
    "objects": {
        "CV_GKW": [],
        "ET": [],
        "lucht": [],
        "Riolering": [],
        "Sanitair": []
    },
    "adjacent": [
        [
            61,
            62
        ],
        [
            60
        ],
        [
            218,
            219
        ],
        [
            54
        ],
        [],
        [
            46
        ]
    ]
}