{
  "id": 26,
  "min": [
    0,
    0,
    0
  ],
  "max": [
    1,
    1,
    1
  ],
  "objects": {
    "CV_GKW": [],
    "ET": [
      {
        "name": "wcd enkelvoudig:0385",
        "min": [
          0.44242361187934875,
          0.95329749584198,
          0.2386511266231537
        ],
        "max": [
          0.4546399712562561,
          0.9581372141838074,
          0.26367443799972534
        ]
      }
    ],
    "lucht": [],
    "Riolering": [],
    "Sanitair": []
  },
  "adjacent": [
    [
      99,
      121
    ],
    [
      25
    ],
    [
      102,
      107
    ],
    [
      28
    ],
    [
      37
    ],
    [
      3
    ]
  ]
}