{
  "id": 27,
  "min": [
    0,
    0,
    0
  ],
  "max": [
    1,
    1,
    1
  ],
  "objects": {
    "CV_GKW": [],
    "ET": [
      {
        "name": "T3:56",
        "min": [
          0.9759334325790405,
          0.1890501081943512,
          0.7898784279823303
        ],
        "max": [
          0.9770435690879822,
          0.2570176422595978,
          0.8267773389816284
        ]
      },
      {
        "name": "T3:57",
        "min": [
          0.9759334325790405,
          0.18390794098377228,
          0.7882176637649536
        ],
        "max": [
          0.9770435690879822,
          0.26557761430740356,
          0.830078125
        ]
      },
      {
        "name": "T3:58",
        "min": [
          0.9759334325790405,
          0.1793707311153412,
          0.7851169109344482
        ],
        "max": [
          0.9770435690879822,
          0.27011483907699585,
          0.8375545144081116
        ]
      },
      {
        "name": "T3:59",
        "min": [
          0.9605295658111572,
          0.15668471157550812,
          0.8375545144081116
        ],
        "max": [
          0.9924474358558655,
          0.2928008437156677,
          0.8403100967407227
        ]
      }
    ],
    "lucht": [],
    "Riolering": [],
    "Sanitair": []
  },
  "adjacent": [
    [
      67,
      68
    ],
    [
      28
    ],
    [
      97,
      98
    ],
    [
      29
    ],
    [
      38
    ],
    [
      4
    ]
  ]
}