{
    "id": 48,
    "min": [
        7327.936219,
        13408.6159,
        9365.0
    ],
    "max": [
        10633.936219,
        20014.6159,
        12590.0
    ],
    "objects": {
        "CV_GKW": [],
        "ET": [
            {
                "name": "lasdoos AK2:55",
                "min": [
                    9830.280753,
                    14171.468951,
                    12125.0
                ],
                "max": [
                    9977.428314,
                    14318.616512,
                    12170.0
                ]
            },
            {
                "name": "wcd opbouw enkelvoudig:0011",
                "min": [
                    9923.546327,
                    14311.805059,
                    12130.75
                ],
                "max": [
                    9992.772081,
                    14381.030813,
                    12209.25
                ]
            }
        ],
        "lucht": [],
        "Riolering": [],
        "Sanitair": []
    },
    "adjacent": [
        [
            49
        ],
        [
            160,
            161
        ],
        [
            50
        ],
        [
            167,
            168
        ],
        [
            55
        ],
        [
            40
        ]
    ]
}