{
    "id": 26,
    "min": [
        24427.936241,
        -391.384156,
        2915.0
    ],
    "max": [
        31033.936241,
        2914.615844,
        6140.0
    ],
    "objects": {
        "CV_GKW": [],
        "ET": [
            {
                "name": "wcd enkelvoudig:0385",
                "min": [
                    27350.586147,
                    2760.21757,
                    3684.65
                ],
                "max": [
                    27431.286147,
                    2776.21757,
                    3765.35
                ]
            }
        ],
        "lucht": [],
        "Riolering": [],
        "Sanitair": []
    },
    "adjacent": [
        [
            99,
            121
        ],
        [
            25
        ],
        [
            102,
            107
        ],
        [
            28
        ],
        [
            37
        ],
        [
            3
        ]
    ]
}