{
    "id": 33,
    "min": [
        7327.93617,
        10108.615923,
        2915.0
    ],
    "max": [
        10633.93617,
        13414.615923,
        6140.0
    ],
    "objects": {
        "CV_GKW": [],
        "ET": [],
        "lucht": [],
        "Riolering": [],
        "Sanitair": []
    },
    "adjacent": [
        [
            30
        ],
        [
            124
        ],
        [
            247
        ],
        [
            116
        ],
        [
            43
        ],
        [
            10
        ]
    ]
}