{
    "id": 3,
    "min": [
        24427.936241,
        -391.384156,
        -310.0
    ],
    "max": [
        31033.936241,
        2914.615844,
        2915.0
    ],
    "objects": {
        "CV_GKW": [],
        "ET": [
            {
                "name": "wcd enkelvoudig:0380",
                "min": [
                    27350.586147,
                    2760.21757,
                    459.65
                ],
                "max": [
                    27431.286147,
                    2776.21757,
                    540.35
                ]
            }
        ],
        "lucht": [],
        "Riolering": [],
        "Sanitair": []
    },
    "adjacent": [
        [
            78,
            169
        ],
        [
            2
        ],
        [
            81,
            86
        ],
        [
            5
        ],
        [
            26
        ],
        []
    ]
}