{
    "id": 42,
    "min": [
        7327.936309,
        26608.615923,
        6140.0
    ],
    "max": [
        10633.936309,
        34214.615923,
        9365.0
    ],
    "objects": {
        "CV_GKW": [],
        "ET": [
            {
                "name": "T3RB:28",
                "min": [
                    8200.161564,
                    32353.268858,
                    8687.35781
                ],
                "max": [
                    8417.516903,
                    32361.268859,
                    8806.356694
                ]
            },
            {
                "name": "T3RB:29",
                "min": [
                    8183.161564,
                    32353.268859,
                    8682.002092
                ],
                "max": [
                    8453.161564,
                    32361.268859,
                    8817.002092
                ]
            },
            {
                "name": "T3RB:30",
                "min": [
                    8168.161564,
                    32353.268859,
                    8672.002092
                ],
                "max": [
                    8468.161564,
                    32361.268859,
                    8841.113249
                ]
            },
            {
                "name": "T3RB:31",
                "min": [
                    8113.161564,
                    32272.268858,
                    8841.113249
                ],
                "max": [
                    8523.161564,
                    32442.268858,
                    8850.0
                ]
            }
        ],
        "lucht": [],
        "Riolering": [],
        "Sanitair": []
    },
    "adjacent": [
        [],
        [
            209,
            210
        ],
        [
            41
        ],
        [
            211,
            212
        ],
        [],
        [
            32
        ]
    ]
}