{
  "id": 57,
  "min": [
    0,
    0,
    0
  ],
  "max": [
    1,
    1,
    1
  ],
  "objects": {
    "CV_GKW": [],
    "ET": [
      {
        "name": "lasdoos AK2:79",
        "min": [
          0.6736831068992615,
          0.18478290736675262,
          0.8279069662094116
        ],
        "max": [
          0.7181923389434814,
          0.20520304143428802,
          0.8418604731559753
        ]
      },
      {
        "name": "wcd enkelvoudig:0396",
        "min": [
          0.9570779204368591,
          0.3161229193210602,
          0.23865129053592682
        ],
        "max": [
          0.9619176387786865,
          0.32732194662094116,
          0.2636742889881134
        ]
      },
      {
        "name": "wcd opbouw enkelvoudig:0028",
        "min": [
          0.6695131063461304,
          0.20402760803699493,
          0.8575968742370605
        ],
        "max": [
          0.6904524564743042,
          0.21363432705402374,
          0.8819379806518555
        ]
      }
    ],
    "lucht": [],
    "Riolering": [],
    "Sanitair": []
  },
  "adjacent": [
    [
      56
    ],
    [
      61
    ],
    [
      54
    ],
    [
      224,
      225
    ],
    [],
    [
      249
    ]
  ]
}