{
    "id": 4,
    "min": [
        3610.0,
        9610.0,
        -75.0
    ],
    "max": [
        10732.0,
        12661.0,
        2915.0
    ],
    "objects": {
        "CV_GKW": [],
        "ET": [
            {
                "name": "brandmelder:0004",
                "min": [
                    6863.468942,
                    11447.039675,
                    2541.5
                ],
                "max": [
                    7060.668942,
                    11644.239675,
                    2598.0
                ]
            }
        ],
        "lucht": [],
        "Riolering": [],
        "Sanitair": []
    },
    "adjacent": [
        [
            5
        ],
        [],
        [
            1
        ],
        [
            0
        ],
        [
            15
        ],
        []
    ]
}