{
  "id": 50,
  "min": [
    0,
    0,
    0
  ],
  "max": [
    1,
    1,
    1
  ],
  "objects": {
    "CV_GKW": [],
    "ET": [
      {
        "name": "T3:52",
        "min": [
          0.7239991426467896,
          0.9171139001846313,
          0.789878249168396
        ],
        "max": [
          0.7919667959213257,
          0.9195337295532227,
          0.8267772197723389
        ]
      },
      {
        "name": "T3:53",
        "min": [
          0.7154393196105957,
          0.9171139001846313,
          0.7882176637649536
        ],
        "max": [
          0.7971090078353882,
          0.9195337295532227,
          0.830078125
        ]
      },
      {
        "name": "T3:54",
        "min": [
          0.7109020948410034,
          0.9171139001846313,
          0.7851169109344482
        ],
        "max": [
          0.8016461730003357,
          0.9195337295532227,
          0.8375545144081116
        ]
      },
      {
        "name": "T3:55",
        "min": [
          0.6882160902023315,
          0.883538544178009,
          0.8375545144081116
        ],
        "max": [
          0.8243321776390076,
          0.9531090259552002,
          0.8403100967407227
        ]
      }
    ],
    "lucht": [],
    "Riolering": [],
    "Sanitair": []
  },
  "adjacent": [
    [
      48
    ],
    [
      162
    ],
    [
      249
    ],
    [
      154
    ],
    [
      56
    ],
    [
      43
    ]
  ]
}