{
    "id": 47,
    "min": [
        7327.936241,
        -391.384295,
        9365.0
    ],
    "max": [
        10633.936241,
        2914.615705,
        12590.0
    ],
    "objects": {
        "CV_GKW": [],
        "ET": [
            {
                "name": "E_Bend_Horizontal_CA_Generic_MEPcontent:18",
                "min": [
                    9696.9374,
                    2113.125136,
                    12090.0
                ],
                "max": [
                    9802.0174,
                    2218.205136,
                    12150.0
                ]
            },
            {
                "name": "E_Bend_Horizontal_CA_Generic_MEPcontent:19",
                "min": [
                    9802.0174,
                    2113.125136,
                    12090.0
                ],
                "max": [
                    9803.0174,
                    2213.125136,
                    12150.0
                ]
            },
            {
                "name": "E_Bend_Horizontal_CA_Generic_MEPcontent:20",
                "min": [
                    9696.9374,
                    2218.205136,
                    12090.0
                ],
                "max": [
                    9796.9374,
                    2219.205136,
                    12150.0
                ]
            }
        ],
        "lucht": [],
        "Riolering": [],
        "Sanitair": []
    },
    "adjacent": [
        [
            249
        ],
        [
            46
        ],
        [
            138
        ],
        [
            136
        ],
        [
            54
        ],
        [
            39
        ]
    ]
}