{
  "id": 171,
  "min": [
    0,
    0,
    0
  ],
  "max": [
    1,
    1,
    1
  ],
  "objects": {
    "CV_GKW": [],
    "ET": [
      {
        "name": "wcd inbouw tweevoudig waterdicht:0039",
        "min": [
          0.8309442400932312,
          0.8923835754394531,
          0.23865117132663727
        ],
        "max": [
          0.8768603801727295,
          0.8943333625793457,
          0.26367440819740295
        ]
      }
    ],
    "lucht": [],
    "Riolering": [],
    "Sanitair": []
  },
  "adjacent": [
    [],
    [
      170
    ],
    [
      5
    ],
    [
      173
    ],
    [
      119
    ],
    []
  ]
}