{
    "id": 169,
    "min": [
        24427.936147,
        2908.615855,
        -310.0
    ],
    "max": [
        27733.936147,
        11114.615855,
        2915.0
    ],
    "objects": {
        "CV_GKW": [],
        "ET": [],
        "lucht": [],
        "Riolering": [],
        "Sanitair": []
    },
    "adjacent": [
        [],
        [
            78
        ],
        [
            3
        ],
        [
            170
        ],
        [
            121
        ],
        []
    ]
}