{
  "id": 42,
  "min": [
    0,
    0,
    0
  ],
  "max": [
    1,
    1,
    1
  ],
  "objects": {
    "CV_GKW": [],
    "ET": [
      {
        "name": "T3RB:28",
        "min": [
          0.2638307809829712,
          0.7552791237831116,
          0.789878249168396
        ],
        "max": [
          0.3295765519142151,
          0.7563309073448181,
          0.8267772197723389
        ]
      },
      {
        "name": "T3RB:29",
        "min": [
          0.2586887776851654,
          0.7552791237831116,
          0.7882176637649536
        ],
        "max": [
          0.34035831689834595,
          0.7563309073448181,
          0.830078125
        ]
      },
      {
        "name": "T3RB:30",
        "min": [
          0.2541515827178955,
          0.7552791237831116,
          0.7851169109344482
        ],
        "max": [
          0.34489551186561584,
          0.7563309073448181,
          0.8375545144081116
        ]
      },
      {
        "name": "T3RB:31",
        "min": [
          0.2375151515007019,
          0.7446296215057373,
          0.8375545144081116
        ],
        "max": [
          0.36153194308280945,
          0.7669804096221924,
          0.8403100967407227
        ]
      }
    ],
    "lucht": [],
    "Riolering": [],
    "Sanitair": []
  },
  "adjacent": [
    [],
    [
      209,
      210
    ],
    [
      41
    ],
    [
      211,
      212
    ],
    [],
    [
      32
    ]
  ]
}