{
    "id": 57,
    "min": [
        7327.936125,
        2908.63786,
        12590.0
    ],
    "max": [
        10633.936125,
        10114.63786,
        15815.0
    ],
    "objects": {
        "CV_GKW": [],
        "ET": [
            {
                "name": "lasdoos AK2:79",
                "min": [
                    9555.132338,
                    4240.183715,
                    15260.0
                ],
                "max": [
                    9702.279899,
                    4387.331276,
                    15305.0
                ]
            },
            {
                "name": "wcd enkelvoudig:0396",
                "min": [
                    10492.036219,
                    5186.619696,
                    13359.65
                ],
                "max": [
                    10508.036219,
                    5267.319696,
                    13440.35
                ]
            },
            {
                "name": "wcd opbouw enkelvoudig:0028",
                "min": [
                    9541.346208,
                    4378.861074,
                    15355.75
                ],
                "max": [
                    9610.571961,
                    4448.086828,
                    15434.25
                ]
            }
        ],
        "lucht": [],
        "Riolering": [],
        "Sanitair": []
    },
    "adjacent": [
        [
            56
        ],
        [
            61
        ],
        [
            54
        ],
        [
            224,
            225
        ],
        [],
        [
            249
        ]
    ]
}