{
    "id": 30,
    "min": [
        7327.936125,
        13408.615923,
        2915.0
    ],
    "max": [
        10633.936125,
        20014.615923,
        6140.0
    ],
    "objects": {
        "CV_GKW": [],
        "ET": [],
        "lucht": [],
        "Riolering": [],
        "Sanitair": []
    },
    "adjacent": [
        [
            31
        ],
        [
            122,
            123
        ],
        [
            33
        ],
        [
            133,
            134
        ],
        [
            40
        ],
        [
            7
        ]
    ]
}