{
  "id": 10,
  "min": [
    0,
    0,
    0
  ],
  "max": [
    1,
    1,
    1
  ],
  "objects": {
    "CV_GKW": [],
    "ET": [
      {
        "name": "brandmelder:0014",
        "min": [
          0.4568195343017578,
          0.6021108031272888,
          0.8747904896736145
        ],
        "max": [
          0.4845084249973297,
          0.6667450666427612,
          0.8937311172485352
        ]
      }
    ],
    "lucht": [],
    "Riolering": [],
    "Sanitair": []
  },
  "adjacent": [
    [
      11
    ],
    [],
    [
      7
    ],
    [
      6
    ],
    [],
    [
      15
    ]
  ]
}