{
    "id": 245,
    "min": [
        31027.936241,
        -391.384156,
        9365.0
    ],
    "max": [
        37633.936241,
        2914.615844,
        12590.0
    ],
    "objects": {
        "CV_GKW": [],
        "ET": [
            {
                "name": "lasdoos AK2:56",
                "min": [
                    32119.511049,
                    2248.041924,
                    12035.0
                ],
                "max": [
                    32266.65861,
                    2395.189485,
                    12080.0
                ]
            },
            {
                "name": "wcd opbouw enkelvoudig:0012",
                "min": [
                    32105.724919,
                    2386.719284,
                    12130.75
                ],
                "max": [
                    32174.950672,
                    2455.945038,
                    12209.25
                ]
            }
        ],
        "lucht": [],
        "Riolering": [],
        "Sanitair": []
    },
    "adjacent": [
        [
            142,
            143
        ],
        [
            44
        ],
        [
            147,
            148
        ],
        [
            45
        ],
        [
            51
        ],
        [
            36
        ]
    ]
}