{
  "id": 11,
  "min": [
    0,
    0,
    0
  ],
  "max": [
    1,
    1,
    1
  ],
  "objects": {
    "CV_GKW": [],
    "ET": [
      {
        "name": "wcd enkelvoudig:0379",
        "min": [
          0.9570779204368591,
          0.3161229193210602,
          0.23865117132663727
        ],
        "max": [
          0.9619176387786865,
          0.32732194662094116,
          0.26367440819740295
        ]
      }
    ],
    "lucht": [],
    "Riolering": [],
    "Sanitair": []
  },
  "adjacent": [
    [
      10
    ],
    [
      172
    ],
    [
      6
    ],
    [
      94,
      95
    ],
    [
      247
    ],
    []
  ]
}