{
    "id": 2,
    "min": [
        31027.936241,
        -391.384111,
        -310.0
    ],
    "max": [
        37633.936241,
        2914.615889,
        2915.0
    ],
    "objects": {
        "CV_GKW": [],
        "ET": [],
        "lucht": [],
        "Riolering": [],
        "Sanitair": []
    },
    "adjacent": [
        [
            79,
            80
        ],
        [
            1
        ],
        [
            84,
            85
        ],
        [
            3
        ],
        [
            25
        ],
        []
    ]
}