{
    "id": 46,
    "min": [
        10627.936241,
        -391.384246,
        9365.0
    ],
    "max": [
        17833.936241,
        2914.615754,
        12590.0
    ],
    "objects": {
        "CV_GKW": [],
        "ET": [],
        "lucht": [],
        "Riolering": [],
        "Sanitair": []
    },
    "adjacent": [
        [
            63,
            64
        ],
        [
            59
        ],
        [
            139,
            140
        ],
        [
            47
        ],
        [
            53
        ],
        [
            38
        ]
    ]
}