{
  "id": 16,
  "min": [
    0,
    0,
    0
  ],
  "max": [
    1,
    1,
    1
  ],
  "objects": {
    "CV_GKW": [],
    "ET": [
      {
        "name": "CHP60-BW:0537",
        "min": [
          0.4110407531261444,
          0.8629764318466187,
          0.9023255705833435
        ],
        "max": [
          0.43053868412971497,
          0.9113732576370239,
          0.9265116453170776
        ]
      }
    ],
    "lucht": [],
    "Riolering": [],
    "Sanitair": []
  },
  "adjacent": [
    [
      17
    ],
    [],
    [
      15
    ],
    [
      9
    ],
    [
      130
    ],
    []
  ]
}