{
    "id": 18,
    "min": [
        -872.06383,
        26608.615923,
        -310.0
    ],
    "max": [
        7333.93617,
        29914.615923,
        2915.0
    ],
    "objects": {
        "CV_GKW": [],
        "ET": [
            {
                "name": "CHP60-BW:0539",
                "min": [
                    3673.682503,
                    28181.615923,
                    2600.0
                ],
                "max": [
                    3833.682503,
                    28341.615923,
                    2678.0
                ]
            }
        ],
        "lucht": [],
        "Riolering": [],
        "Sanitair": []
    },
    "adjacent": [
        [
            244
        ],
        [
            9
        ],
        [
            19
        ],
        [],
        [
            131
        ],
        []
    ]
}