{
    "id": 246,
    "min": [
        9627.942036,
        1908.6160960000002,
        15815.0
    ],
    "max": [
        15233.942036,
        11114.616096,
        19040.0
    ],
    "objects": {
        "CV_GKW": [],
        "ET": [],
        "lucht": [],
        "Riolering": [],
        "Sanitair": []
    },
    "adjacent": [
        [],
        [],
        [],
        [],
        [],
        [
            61
        ]
    ]
}